{
  "cdmVersion": "2.2",
  "workflow": {
    "jobManagerAttributes": {
      "testLocationB": {
        "orderIndex": 1,
        "label": "Location B",
        "valueType": "string",
        "value": "Solvang",
        "editable": "false",
        "visible": true
      },
      "testLocationA": {
        "orderIndex": 0,
        "label": "Location A",
        "valueType": "string",
        "value": "Los Olivos",
        "editable": "false",
        "visible": true
      },
      "techName": {
        "orderIndex": 3,
        "label": "Technician Name",
        "valueType": "string",
        "editable": "true",
        "visible": true,
        "value": ""
      },
      "cableId": {
        "orderIndex": 2,
        "label": "Cable ID",
        "valueType": "string",
        "editable": "true",
        "visible": true,
        "value": ""
      }
    },
    "workOrderLabel": "Job",
    "type": "viaviJob",
    "jobManagement": { "createdBy": "ssJobMgr", "managedBy": "ss" },
    "techInfo": {
      "lastName": "Gotwals",
      "techId": "mg001",
      "firstName": "Michael"
    },
    "typeName": "UC2-PF2-Basic-FiberNumbersOnly",
    "workOrderId": "UC2-tpa-1_1-test04",
    "template": false,
    "date": "2023-06-01T00:00:00-04:00",
    "templateVersion": "1",
    "state": "ASSIGNED",
    "workflowId": 1236221,
    "jobStatus": "Open",
    "customerInfo": { "company": "" },
    "attributes": { "jobComments": "" }
  },
  "assetInfo": {
    "assetType": "T-BERD/MTS 4000 V2",
    "uniqueId": "T-BERD 4000 V2_EBAH08582",
    "model": "T-BERD 4000 V2",
    "manufacturer": "VIAVI Solutions",
    "swVersion": "23.32",
    "hwVersion": "",
    "calibrationDate": "2022-03-22",
    "swOptions": [],
    "modulesInfo": [
      {
        "assetType": "T-BERD/MTS module",
        "uniqueId": "4136 B-FCOMP_03891",
        "model": "4136 B-FCOMP",
        "calibrationDate": "2023-02-16",
        "swVersion": ""
      }
    ]
  },
  "tests": [
    {
      "type": "OTDR",
      "label": "OTDR",
      "workflowId": 1236224,
      "schemaVersion": "1.5.0",
      "configuration": {
        "otdrSettings": {
          "otdrTopology": "Expert-SM",
          "fiberType": "Simplex",
          "connectorType": "Simplex",
          "configFile": "",
          "fiber": {
            "locationA": "Los Olivos",
            "locationB": "Solvang",
            "direction": "Los Olivos > Solvang",
            "number": 1,
            "fiberId": "FIB-A3",
            "cableId": "",
            "fiberLabel": ""
          },
          "launchCable": {
            "startCableUsed": "No",
            "endCableUsed": "No",
            "includeLinkStartConnector": false,
            "includeLinkEndConnector": false
          },
          "alarmThresholds": {
            "type": "fail",
            "thresholdSet": "Default",
            "spliceLossdB": 0.2,
            "connectorLossdB": 0.5,
            "reflectancedB": -35,
            "orldB": 27,
            "slopeThresholds": [
              { "wavelengthNm": 1625, "slopedBkm": 1.0 },
              { "wavelengthNm": 1310, "slopedBkm": 1.0 },
              { "wavelengthNm": 1550, "slopedBkm": 1.0 }
            ]
          },
          "setup": [
            {
              "wavelengthNm": 1310,
              "pulse": "100ns",
              "range": "20km",
              "resolution": "2.5m",
              "averagingTimeSec": 30.0,
              "scatterCoef": -79.0,
              "refrIndex": 1.4675,
              "bendOnSplicedB": 0.0,
              "bendOnConnectordB": 0.0
            }
          ]
        }
      },
      "results": {
        "status": "pass",
        "testTime": "2023-06-01T10:23:20-05:00",
        "comment": "",
        "data": {
          "otdrResults": {
            "distanceUnits": "meter",
            "resultsFilename": "UC2-tpa-1_1-test04_1310-01_06_2023_10_23_20.sor.json",
            "measuredResults": [
              {
                "wavelengthNm": 1310,
                "wavelengthTestStatus": "pass",
                "acqDateTime": "2023-06-01T10:23:20-05:00",
                "fiberLength": 20.43,
                "fiberLengthM": 20.43,
                "linkLossdB": 0.0,
                "linkOrldB": 62.49,
                "numberOfEvents": 3,
                "maxConnectorMeasureddB": 0.241,
                "maxReflectanceMeasureddB": -64.35,
                "averageSlopedBkm": 0.0,
                "events": [
                  {
                    "id": 1,
                    "idSlm": -1,
                    "distance": 0.0,
                    "distanceM": 0.0,
                    "lossdB": 0.241,
                    "lossAlarmFailed": false,
                    "reflectancedB": 0.0,
                    "reflAlarmFailed": false,
                    "reflSaturated": false,
                    "reflPeakDistanceM": -2.55,
                    "slopeAlarmFailed": false,
                    "sectionLength": 0.0,
                    "sectionLengthM": 0.0,
                    "sectionLossdB": 0.0,
                    "cumulativeLossdB": 0.0,
                    "eventType": "Grouped Event",
                    "eventTestStatus": "pass",
                    "groupNumber": 0
                  },
                  {
                    "id": 2,
                    "idSlm": 1,
                    "distance": 0.0,
                    "distanceM": 0.0,
                    "lossAlarmFailed": false,
                    "reflectancedB": -64.35,
                    "reflAlarmFailed": false,
                    "reflSaturated": false,
                    "reflPeakDistanceM": 7.66,
                    "slopeAlarmFailed": false,
                    "sectionLengthM": 0.0,
                    "eventType": "First Connector",
                    "eventTestStatus": "pass",
                    "groupNumber": 0
                  },
                  {
                    "id": 3,
                    "idSlm": 2,
                    "distance": 20.43,
                    "distanceM": 20.43,
                    "lossAlarmFailed": false,
                    "reflectancedB": -64.43,
                    "reflAlarmFailed": false,
                    "reflSaturated": false,
                    "reflPeakDistanceM": 28.09,
                    "slopeAlarmFailed": false,
                    "sectionLengthM": 20.43,
                    "eventType": "Fiber End",
                    "eventTestStatus": "none",
                    "groupNumber": 0
                  }
                ]
              }
            ]
          }
        }
      }
    }
  ],
  "checkSum": "e1b60ea60c9d91e9c4e7562105d2864e"
}
